{"0": 0.47950727883538635, "1": 3.0368794326241133, "2": 3.148529411764706, "3": 0.5582790091264668, "4": 2.0990196078431373}