{"0": 0.4722100656455142, "1": 3.0609929078014186, "2": 3.2208955223880595, "3": 0.5554697554697555, "4": 2.247916666666667}